{
  "mean": [
    1574.9827880859375,
    -393.7456970214844,
    98.4364242553711
  ],
  "max_norm": 2797.6015625
}